{"Hydrogen_Bond:TYR466A": {"frequency": 156, "structures": ["6HGV_ligand1", "6HGV_ligand2", "6HGV_ligand3", "6HGV_ligand4", "6HGV_ligand5", "6HGV_ligand6", "6HGV_ligand7", "6HGV_ligand8", "6HGV_ligand9", "6HGV_ligand10", "6HGV_ligand11", "6HGV_ligand12", "6HGV_ligand13", "6HGV_ligand14", "6HGV_ligand15", "6HGV_ligand16", "6HGV_ligand17", "6HGV_ligand18", "6HGV_ligand19", "6HGV_ligand20", "6HGV_ligand21", "6HGV_ligand22", "6HGV_ligand23", "6HGV_ligand24", "6HGV_ligand25", "6HGV_ligand26", "6HGV_ligand27", "6HGV_ligand28", "6HGV_ligand29", "6HGV_ligand30", "6HGV_ligand31", "6HGV_ligand31", "6HGV_ligand31", "6HGV_ligand32", "6HGV_ligand32", "6HGV_ligand32", "6HGV_ligand33", "6HGV_ligand34", "6HGV_ligand34", "6HGV_ligand34", "6HGV_ligand35", "6HGV_ligand38", "6HGV_ligand40", "6HGV_ligand41", "6HGV_ligand42", "6HGV_ligand43", "6HGV_ligand45", "6HGV_ligand46", "6HGV_ligand47", "6HGV_ligand48", "6HGV_ligand49", "6HGV_ligand50", "6HGV_ligand51", "6HGV_ligand52", "6HGV_ligand52", "6HGV_ligand53", "6HGV_ligand54", "6HGV_ligand55", "6HGV_ligand56", "6HGV_ligand57", "6HGV_ligand58", "6HGV_ligand59", "6HGV_ligand60", "6HGV_ligand61", "6HGV_ligand62", "6HGV_ligand63", "6HGV_ligand64", "6HGV_ligand65", "6HGV_ligand66", "6HGV_ligand67", "6HGV_ligand68", "6HGV_ligand69", "6HGV_ligand70", "6HGV_ligand71", "6HGV_ligand72", "6HGV_ligand73", "6HGV_ligand74", "6HGV_ligand75", "6HGV_ligand76", "6HGV_ligand77", "6HGV_ligand78", "6HGV_ligand79", "6HGV_ligand80", "6HGV_ligand81", "6HGV_ligand82", "6HGV_ligand84", "6HGV_ligand84", "6HGV_ligand84", "6HGV_ligand85", "6HGV_ligand86", "6HGV_ligand86", "6HGV_ligand86", "6HGV_ligand87", "6HGV_ligand88", "6HGV_ligand89", "6HGV_ligand90", "6HGV_ligand91", "6HGV_ligand92", "6HGV_ligand93", "6HGV_ligand94", "6HGV_ligand95", "6HGV_ligand98", "6HGV_ligand99", "6HGV_ligand100", "6HGV_ligand101", "6HGV_ligand101", "6HGV_ligand102", "6HGV_ligand103", "6HGV_ligand104", "6HGV_ligand105", "6HGV_ligand106", "6HGV_ligand107", "6HGV_ligand108", "6HGV_ligand109", "6HGV_ligand110", "6HGV_ligand111", "6HGV_ligand112", "6HGV_ligand113", "6HGV_ligand114", "6HGV_ligand115", "6HGV_ligand116", "6HGV_ligand117", "6HGV_ligand118", "6HGV_ligand119", "6HGV_ligand120", "6HGV_ligand121", "6HGV_ligand122", "6HGV_ligand123", "6HGV_ligand123", "6HGV_ligand123", "6HGV_ligand124", "6HGV_ligand125", "6HGV_ligand127", "6HGV_ligand128", "6HGV_ligand129", "6HGV_ligand130", "6HGV_ligand131", "6HGV_ligand131", "6HGV_ligand131", "6HGV_ligand132", "6HGV_ligand132", "6HGV_ligand132", "6HGV_ligand133", "6HGV_ligand134", "6HGV_ligand135", "6HGV_ligand136", "6HGV_ligand137", "6HGV_ligand138", "6HGV_ligand138", "6HGV_ligand138", "6HGV_ligand139", "6HGV_ligand139", "6HGV_ligand139", "6HGV_ligand140", "6HGV_ligand140", "6HGV_ligand140"]}, "Hydrogen_Bond:GLN384A": {"frequency": 59, "structures": ["6HGV_ligand1", "6HGV_ligand2", "6HGV_ligand3", "6HGV_ligand4", "6HGV_ligand5", "6HGV_ligand6", "6HGV_ligand7", "6HGV_ligand9", "6HGV_ligand10", "6HGV_ligand11", "6HGV_ligand12", "6HGV_ligand13", "6HGV_ligand14", "6HGV_ligand15", "6HGV_ligand16", "6HGV_ligand17", "6HGV_ligand18", "6HGV_ligand19", "6HGV_ligand20", "6HGV_ligand21", "6HGV_ligand23", "6HGV_ligand24", "6HGV_ligand25", "6HGV_ligand26", "6HGV_ligand27", "6HGV_ligand28", "6HGV_ligand29", "6HGV_ligand30", "6HGV_ligand56", "6HGV_ligand59", "6HGV_ligand62", "6HGV_ligand64", "6HGV_ligand66", "6HGV_ligand68", "6HGV_ligand69", "6HGV_ligand72", "6HGV_ligand73", "6HGV_ligand74", "6HGV_ligand75", "6HGV_ligand76", "6HGV_ligand77", "6HGV_ligand78", "6HGV_ligand79", "6HGV_ligand80", "6HGV_ligand101", "6HGV_ligand105", "6HGV_ligand111", "6HGV_ligand112", "6HGV_ligand113", "6HGV_ligand114", "6HGV_ligand115", "6HGV_ligand116", "6HGV_ligand117", "6HGV_ligand118", "6HGV_ligand119", "6HGV_ligand120", "6HGV_ligand122", "6HGV_ligand123", "6HGV_ligand138"]}, "Hydrogen_Bond:ASP335A": {"frequency": 195, "structures": ["6HGV_ligand1", "6HGV_ligand1", "6HGV_ligand2", "6HGV_ligand2", "6HGV_ligand3", "6HGV_ligand3", "6HGV_ligand4", "6HGV_ligand4", "6HGV_ligand5", "6HGV_ligand5", "6HGV_ligand6", "6HGV_ligand6", "6HGV_ligand7", "6HGV_ligand7", "6HGV_ligand8", "6HGV_ligand8", "6HGV_ligand9", "6HGV_ligand9", "6HGV_ligand10", "6HGV_ligand10", "6HGV_ligand11", "6HGV_ligand11", "6HGV_ligand12", "6HGV_ligand12", "6HGV_ligand13", "6HGV_ligand13", "6HGV_ligand14", "6HGV_ligand14", "6HGV_ligand15", "6HGV_ligand15", "6HGV_ligand16", "6HGV_ligand16", "6HGV_ligand17", "6HGV_ligand17", "6HGV_ligand18", "6HGV_ligand18", "6HGV_ligand19", "6HGV_ligand19", "6HGV_ligand20", "6HGV_ligand20", "6HGV_ligand25", "6HGV_ligand25", "6HGV_ligand26", "6HGV_ligand26", "6HGV_ligand27", "6HGV_ligand27", "6HGV_ligand28", "6HGV_ligand28", "6HGV_ligand29", "6HGV_ligand29", "6HGV_ligand30", "6HGV_ligand30", "6HGV_ligand33", "6HGV_ligand33", "6HGV_ligand35", "6HGV_ligand35", "6HGV_ligand37", "6HGV_ligand38", "6HGV_ligand38", "6HGV_ligand40", "6HGV_ligand40", "6HGV_ligand42", "6HGV_ligand42", "6HGV_ligand46", "6HGV_ligand46", "6HGV_ligand50", "6HGV_ligand50", "6HGV_ligand53", "6HGV_ligand53", "6HGV_ligand54", "6HGV_ligand54", "6HGV_ligand55", "6HGV_ligand55", "6HGV_ligand56", "6HGV_ligand56", "6HGV_ligand57", "6HGV_ligand57", "6HGV_ligand58", "6HGV_ligand58", "6HGV_ligand59", "6HGV_ligand59", "6HGV_ligand60", "6HGV_ligand60", "6HGV_ligand61", "6HGV_ligand61", "6HGV_ligand62", "6HGV_ligand62", "6HGV_ligand63", "6HGV_ligand63", "6HGV_ligand64", "6HGV_ligand64", "6HGV_ligand65", "6HGV_ligand66", "6HGV_ligand66", "6HGV_ligand67", "6HGV_ligand67", "6HGV_ligand68", "6HGV_ligand68", "6HGV_ligand69", "6HGV_ligand69", "6HGV_ligand70", "6HGV_ligand70", "6HGV_ligand71", "6HGV_ligand71", "6HGV_ligand72", "6HGV_ligand72", "6HGV_ligand73", "6HGV_ligand73", "6HGV_ligand74", "6HGV_ligand74", "6HGV_ligand75", "6HGV_ligand75", "6HGV_ligand76", "6HGV_ligand76", "6HGV_ligand77", "6HGV_ligand77", "6HGV_ligand78", "6HGV_ligand78", "6HGV_ligand79", "6HGV_ligand79", "6HGV_ligand80", "6HGV_ligand80", "6HGV_ligand81", "6HGV_ligand82", "6HGV_ligand85", "6HGV_ligand85", "6HGV_ligand87", "6HGV_ligand87", "6HGV_ligand88", "6HGV_ligand88", "6HGV_ligand89", "6HGV_ligand89", "6HGV_ligand90", "6HGV_ligand90", "6HGV_ligand91", "6HGV_ligand92", "6HGV_ligand92", "6HGV_ligand93", "6HGV_ligand93", "6HGV_ligand94", "6HGV_ligand94", "6HGV_ligand95", "6HGV_ligand95", "6HGV_ligand98", "6HGV_ligand98", "6HGV_ligand99", "6HGV_ligand99", "6HGV_ligand100", "6HGV_ligand100", "6HGV_ligand102", "6HGV_ligand102", "6HGV_ligand103", "6HGV_ligand103", "6HGV_ligand104", "6HGV_ligand104", "6HGV_ligand105", "6HGV_ligand105", "6HGV_ligand106", "6HGV_ligand106", "6HGV_ligand107", "6HGV_ligand107", "6HGV_ligand108", "6HGV_ligand108", "6HGV_ligand109", "6HGV_ligand109", "6HGV_ligand110", "6HGV_ligand110", "6HGV_ligand116", "6HGV_ligand116", "6HGV_ligand117", "6HGV_ligand117", "6HGV_ligand118", "6HGV_ligand118", "6HGV_ligand119", "6HGV_ligand119", "6HGV_ligand120", "6HGV_ligand120", "6HGV_ligand121", "6HGV_ligand122", "6HGV_ligand124", "6HGV_ligand124", "6HGV_ligand125", "6HGV_ligand125", "6HGV_ligand127", "6HGV_ligand128", "6HGV_ligand129", "6HGV_ligand130", "6HGV_ligand133", "6HGV_ligand133", "6HGV_ligand134", "6HGV_ligand135", "6HGV_ligand135", "6HGV_ligand136", "6HGV_ligand136", "6HGV_ligand137"]}, "Pi-Stacking:TRP336A": {"frequency": 206, "structures": ["6HGV_ligand1", "6HGV_ligand1", "6HGV_ligand2", "6HGV_ligand2", "6HGV_ligand3", "6HGV_ligand3", "6HGV_ligand4", "6HGV_ligand4", "6HGV_ligand5", "6HGV_ligand5", "6HGV_ligand6", "6HGV_ligand6", "6HGV_ligand7", "6HGV_ligand7", "6HGV_ligand8", "6HGV_ligand8", "6HGV_ligand9", "6HGV_ligand9", "6HGV_ligand10", "6HGV_ligand10", "6HGV_ligand11", "6HGV_ligand12", "6HGV_ligand13", "6HGV_ligand14", "6HGV_ligand14", "6HGV_ligand15", "6HGV_ligand15", "6HGV_ligand16", "6HGV_ligand16", "6HGV_ligand17", "6HGV_ligand17", "6HGV_ligand18", "6HGV_ligand18", "6HGV_ligand19", "6HGV_ligand19", "6HGV_ligand20", "6HGV_ligand20", "6HGV_ligand21", "6HGV_ligand24", "6HGV_ligand25", "6HGV_ligand25", "6HGV_ligand26", "6HGV_ligand26", "6HGV_ligand27", "6HGV_ligand27", "6HGV_ligand28", "6HGV_ligand28", "6HGV_ligand29", "6HGV_ligand29", "6HGV_ligand30", "6HGV_ligand30", "6HGV_ligand31", "6HGV_ligand31", "6HGV_ligand32", "6HGV_ligand32", "6HGV_ligand33", "6HGV_ligand33", "6HGV_ligand34", "6HGV_ligand34", "6HGV_ligand35", "6HGV_ligand35", "6HGV_ligand38", "6HGV_ligand38", "6HGV_ligand41", "6HGV_ligand42", "6HGV_ligand42", "6HGV_ligand43", "6HGV_ligand44", "6HGV_ligand45", "6HGV_ligand46", "6HGV_ligand46", "6HGV_ligand47", "6HGV_ligand48", "6HGV_ligand49", "6HGV_ligand50", "6HGV_ligand50", "6HGV_ligand53", "6HGV_ligand54", "6HGV_ligand55", "6HGV_ligand56", "6HGV_ligand56", "6HGV_ligand57", "6HGV_ligand58", "6HGV_ligand59", "6HGV_ligand59", "6HGV_ligand60", "6HGV_ligand61", "6HGV_ligand61", "6HGV_ligand62", "6HGV_ligand62", "6HGV_ligand63", "6HGV_ligand63", "6HGV_ligand64", "6HGV_ligand64", "6HGV_ligand65", "6HGV_ligand65", "6HGV_ligand66", "6HGV_ligand66", "6HGV_ligand67", "6HGV_ligand67", "6HGV_ligand68", "6HGV_ligand68", "6HGV_ligand69", "6HGV_ligand70", "6HGV_ligand70", "6HGV_ligand71", "6HGV_ligand71", "6HGV_ligand72", "6HGV_ligand72", "6HGV_ligand73", "6HGV_ligand73", "6HGV_ligand74", "6HGV_ligand74", "6HGV_ligand75", "6HGV_ligand75", "6HGV_ligand76", "6HGV_ligand76", "6HGV_ligand77", "6HGV_ligand77", "6HGV_ligand78", "6HGV_ligand78", "6HGV_ligand79", "6HGV_ligand79", "6HGV_ligand80", "6HGV_ligand80", "6HGV_ligand81", "6HGV_ligand82", "6HGV_ligand83", "6HGV_ligand85", "6HGV_ligand87", "6HGV_ligand87", "6HGV_ligand88", "6HGV_ligand88", "6HGV_ligand89", "6HGV_ligand89", "6HGV_ligand90", "6HGV_ligand90", "6HGV_ligand91", "6HGV_ligand91", "6HGV_ligand92", "6HGV_ligand92", "6HGV_ligand93", "6HGV_ligand93", "6HGV_ligand94", "6HGV_ligand94", "6HGV_ligand95", "6HGV_ligand95", "6HGV_ligand96", "6HGV_ligand97", "6HGV_ligand98", "6HGV_ligand98", "6HGV_ligand99", "6HGV_ligand99", "6HGV_ligand100", "6HGV_ligand100", "6HGV_ligand102", "6HGV_ligand102", "6HGV_ligand103", "6HGV_ligand104", "6HGV_ligand105", "6HGV_ligand106", "6HGV_ligand107", "6HGV_ligand108", "6HGV_ligand109", "6HGV_ligand110", "6HGV_ligand110", "6HGV_ligand111", "6HGV_ligand113", "6HGV_ligand116", "6HGV_ligand116", "6HGV_ligand117", "6HGV_ligand117", "6HGV_ligand118", "6HGV_ligand118", "6HGV_ligand119", "6HGV_ligand119", "6HGV_ligand120", "6HGV_ligand120", "6HGV_ligand121", "6HGV_ligand122", "6HGV_ligand123", "6HGV_ligand123", "6HGV_ligand124", "6HGV_ligand125", "6HGV_ligand125", "6HGV_ligand126", "6HGV_ligand127", "6HGV_ligand127", "6HGV_ligand128", "6HGV_ligand128", "6HGV_ligand129", "6HGV_ligand130", "6HGV_ligand131", "6HGV_ligand131", "6HGV_ligand132", "6HGV_ligand132", "6HGV_ligand133", "6HGV_ligand134", "6HGV_ligand135", "6HGV_ligand136", "6HGV_ligand136", "6HGV_ligand137", "6HGV_ligand138", "6HGV_ligand138", "6HGV_ligand139", "6HGV_ligand140"]}, "Hydrophobic_Interaction:MET339A": {"frequency": 65, "structures": ["6HGV_ligand1", "6HGV_ligand2", "6HGV_ligand3", "6HGV_ligand4", "6HGV_ligand5", "6HGV_ligand7", "6HGV_ligand9", "6HGV_ligand10", "6HGV_ligand21", "6HGV_ligand24", "6HGV_ligand41", "6HGV_ligand43", "6HGV_ligand44", "6HGV_ligand45", "6HGV_ligand48", "6HGV_ligand49", "6HGV_ligand51", "6HGV_ligand53", "6HGV_ligand54", "6HGV_ligand55", "6HGV_ligand56", "6HGV_ligand57", "6HGV_ligand58", "6HGV_ligand59", "6HGV_ligand60", "6HGV_ligand68", "6HGV_ligand77", "6HGV_ligand80", "6HGV_ligand87", "6HGV_ligand88", "6HGV_ligand90", "6HGV_ligand98", "6HGV_ligand99", "6HGV_ligand100", "6HGV_ligand102", "6HGV_ligand103", "6HGV_ligand104", "6HGV_ligand105", "6HGV_ligand106", "6HGV_ligand107", "6HGV_ligand108", "6HGV_ligand109", "6HGV_ligand110", "6HGV_ligand111", "6HGV_ligand112", "6HGV_ligand113", "6HGV_ligand121", "6HGV_ligand122", "6HGV_ligand124", "6HGV_ligand125", "6HGV_ligand126", "6HGV_ligand127", "6HGV_ligand128", "6HGV_ligand129", "6HGV_ligand130", "6HGV_ligand131", "6HGV_ligand132", "6HGV_ligand133", "6HGV_ligand134", "6HGV_ligand135", "6HGV_ligand136", "6HGV_ligand137", "6HGV_ligand138", "6HGV_ligand139", "6HGV_ligand140"]}, "Hydrophobic_Interaction:PRO371A": {"frequency": 21, "structures": ["6HGV_ligand1", "6HGV_ligand1", "6HGV_ligand2", "6HGV_ligand3", "6HGV_ligand4", "6HGV_ligand5", "6HGV_ligand5", "6HGV_ligand7", "6HGV_ligand9", "6HGV_ligand11", "6HGV_ligand12", "6HGV_ligand19", "6HGV_ligand22", "6HGV_ligand22", "6HGV_ligand26", "6HGV_ligand29", "6HGV_ligand40", "6HGV_ligand102", "6HGV_ligand120", "6HGV_ligand123", "6HGV_ligand138"]}, "Hydrophobic_Interaction:TYR466A": {"frequency": 130, "structures": ["6HGV_ligand1", "6HGV_ligand2", "6HGV_ligand3", "6HGV_ligand4", "6HGV_ligand5", "6HGV_ligand6", "6HGV_ligand7", "6HGV_ligand8", "6HGV_ligand9", "6HGV_ligand10", "6HGV_ligand11", "6HGV_ligand12", "6HGV_ligand13", "6HGV_ligand14", "6HGV_ligand15", "6HGV_ligand16", "6HGV_ligand17", "6HGV_ligand18", "6HGV_ligand19", "6HGV_ligand20", "6HGV_ligand21", "6HGV_ligand22", "6HGV_ligand23", "6HGV_ligand24", "6HGV_ligand25", "6HGV_ligand26", "6HGV_ligand27", "6HGV_ligand28", "6HGV_ligand29", "6HGV_ligand30", "6HGV_ligand31", "6HGV_ligand32", "6HGV_ligand33", "6HGV_ligand34", "6HGV_ligand35", "6HGV_ligand38", "6HGV_ligand41", "6HGV_ligand42", "6HGV_ligand43", "6HGV_ligand44", "6HGV_ligand45", "6HGV_ligand46", "6HGV_ligand47", "6HGV_ligand48", "6HGV_ligand49", "6HGV_ligand50", "6HGV_ligand51", "6HGV_ligand53", "6HGV_ligand54", "6HGV_ligand55", "6HGV_ligand56", "6HGV_ligand57", "6HGV_ligand58", "6HGV_ligand59", "6HGV_ligand60", "6HGV_ligand61", "6HGV_ligand62", "6HGV_ligand63", "6HGV_ligand64", "6HGV_ligand65", "6HGV_ligand66", "6HGV_ligand67", "6HGV_ligand68", "6HGV_ligand69", "6HGV_ligand70", "6HGV_ligand71", "6HGV_ligand72", "6HGV_ligand73", "6HGV_ligand74", "6HGV_ligand75", "6HGV_ligand76", "6HGV_ligand77", "6HGV_ligand78", "6HGV_ligand79", "6HGV_ligand80", "6HGV_ligand81", "6HGV_ligand82", "6HGV_ligand85", "6HGV_ligand87", "6HGV_ligand88", "6HGV_ligand89", "6HGV_ligand90", "6HGV_ligand91", "6HGV_ligand92", "6HGV_ligand93", "6HGV_ligand94", "6HGV_ligand95", "6HGV_ligand96", "6HGV_ligand97", "6HGV_ligand98", "6HGV_ligand99", "6HGV_ligand100", "6HGV_ligand102", "6HGV_ligand103", "6HGV_ligand104", "6HGV_ligand105", "6HGV_ligand106", "6HGV_ligand107", "6HGV_ligand108", "6HGV_ligand109", "6HGV_ligand110", "6HGV_ligand111", "6HGV_ligand112", "6HGV_ligand113", "6HGV_ligand114", "6HGV_ligand115", "6HGV_ligand116", "6HGV_ligand117", "6HGV_ligand118", "6HGV_ligand119", "6HGV_ligand120", "6HGV_ligand121", "6HGV_ligand122", "6HGV_ligand123", "6HGV_ligand124", "6HGV_ligand125", "6HGV_ligand127", "6HGV_ligand128", "6HGV_ligand129", "6HGV_ligand130", "6HGV_ligand131", "6HGV_ligand132", "6HGV_ligand133", "6HGV_ligand134", "6HGV_ligand135", "6HGV_ligand136", "6HGV_ligand137", "6HGV_ligand138", "6HGV_ligand139", "6HGV_ligand140"]}, "Hydrophobic_Interaction:MET469A": {"frequency": 8, "structures": ["6HGV_ligand1", "6HGV_ligand3", "6HGV_ligand4", "6HGV_ligand5", "6HGV_ligand6", "6HGV_ligand9", "6HGV_ligand10", "6HGV_ligand22"]}, "Hydrophobic_Interaction:TRP473A": {"frequency": 42, "structures": ["6HGV_ligand1", "6HGV_ligand2", "6HGV_ligand3", "6HGV_ligand4", "6HGV_ligand5", "6HGV_ligand7", "6HGV_ligand9", "6HGV_ligand11", "6HGV_ligand12", "6HGV_ligand14", "6HGV_ligand15", "6HGV_ligand16", "6HGV_ligand17", "6HGV_ligand18", "6HGV_ligand19", "6HGV_ligand20", "6HGV_ligand22", "6HGV_ligand25", "6HGV_ligand26", "6HGV_ligand27", "6HGV_ligand28", "6HGV_ligand29", "6HGV_ligand30", "6HGV_ligand35", "6HGV_ligand38", "6HGV_ligand46", "6HGV_ligand50", "6HGV_ligand56", "6HGV_ligand71", "6HGV_ligand72", "6HGV_ligand73", "6HGV_ligand74", "6HGV_ligand75", "6HGV_ligand76", "6HGV_ligand80", "6HGV_ligand95", "6HGV_ligand98", "6HGV_ligand117", "6HGV_ligand118", "6HGV_ligand119", "6HGV_ligand120", "6HGV_ligand123"]}, "Hydrophobic_Interaction:VAL498A": {"frequency": 54, "structures": ["6HGV_ligand1", "6HGV_ligand2", "6HGV_ligand3", "6HGV_ligand7", "6HGV_ligand21", "6HGV_ligand23", "6HGV_ligand24", "6HGV_ligand32", "6HGV_ligand33", "6HGV_ligand33", "6HGV_ligand35", "6HGV_ligand36", "6HGV_ligand39", "6HGV_ligand41", "6HGV_ligand43", "6HGV_ligand44", "6HGV_ligand45", "6HGV_ligand46", "6HGV_ligand47", "6HGV_ligand48", "6HGV_ligand49", "6HGV_ligand50", "6HGV_ligand50", "6HGV_ligand51", "6HGV_ligand52", "6HGV_ligand81", "6HGV_ligand82", "6HGV_ligand82", "6HGV_ligand83", "6HGV_ligand84", "6HGV_ligand86", "6HGV_ligand87", "6HGV_ligand89", "6HGV_ligand95", "6HGV_ligand96", "6HGV_ligand97", "6HGV_ligand98", "6HGV_ligand99", "6HGV_ligand100", "6HGV_ligand101", "6HGV_ligand111", "6HGV_ligand112", "6HGV_ligand113", "6HGV_ligand114", "6HGV_ligand115", "6HGV_ligand121", "6HGV_ligand122", "6HGV_ligand124", "6HGV_ligand126", "6HGV_ligand136", "6HGV_ligand137", "6HGV_ligand137", "6HGV_ligand139", "6HGV_ligand140"]}, "Water_Bridge:ASN472A": {"frequency": 77, "structures": ["6HGV_ligand1", "6HGV_ligand2", "6HGV_ligand3", "6HGV_ligand3", "6HGV_ligand4", "6HGV_ligand4", "6HGV_ligand5", "6HGV_ligand6", "6HGV_ligand6", "6HGV_ligand7", "6HGV_ligand10", "6HGV_ligand19", "6HGV_ligand24", "6HGV_ligand36", "6HGV_ligand37", "6HGV_ligand40", "6HGV_ligand41", "6HGV_ligand43", "6HGV_ligand45", "6HGV_ligand48", "6HGV_ligand49", "6HGV_ligand51", "6HGV_ligand52", "6HGV_ligand61", "6HGV_ligand62", "6HGV_ligand63", "6HGV_ligand64", "6HGV_ligand65", "6HGV_ligand66", "6HGV_ligand67", "6HGV_ligand68", "6HGV_ligand69", "6HGV_ligand71", "6HGV_ligand72", "6HGV_ligand73", "6HGV_ligand74", "6HGV_ligand76", "6HGV_ligand76", "6HGV_ligand77", "6HGV_ligand78", "6HGV_ligand79", "6HGV_ligand81", "6HGV_ligand82", "6HGV_ligand83", "6HGV_ligand84", "6HGV_ligand85", "6HGV_ligand86", "6HGV_ligand87", "6HGV_ligand91", "6HGV_ligand92", "6HGV_ligand93", "6HGV_ligand95", "6HGV_ligand96", "6HGV_ligand97", "6HGV_ligand99", "6HGV_ligand100", "6HGV_ligand100", "6HGV_ligand101", "6HGV_ligand102", "6HGV_ligand103", "6HGV_ligand104", "6HGV_ligand105", "6HGV_ligand110", "6HGV_ligand111", "6HGV_ligand112", "6HGV_ligand121", "6HGV_ligand122", "6HGV_ligand124", "6HGV_ligand125", "6HGV_ligand126", "6HGV_ligand128", "6HGV_ligand132", "6HGV_ligand133", "6HGV_ligand134", "6HGV_ligand135", "6HGV_ligand136", "6HGV_ligand137"]}, "Water_Bridge:TYR343A": {"frequency": 65, "structures": ["6HGV_ligand1", "6HGV_ligand5", "6HGV_ligand6", "6HGV_ligand7", "6HGV_ligand8", "6HGV_ligand10", "6HGV_ligand11", "6HGV_ligand12", "6HGV_ligand13", "6HGV_ligand14", "6HGV_ligand15", "6HGV_ligand16", "6HGV_ligand17", "6HGV_ligand18", "6HGV_ligand19", "6HGV_ligand20", "6HGV_ligand22", "6HGV_ligand25", "6HGV_ligand26", "6HGV_ligand27", "6HGV_ligand27", "6HGV_ligand28", "6HGV_ligand29", "6HGV_ligand30", "6HGV_ligand31", "6HGV_ligand32", "6HGV_ligand33", "6HGV_ligand34", "6HGV_ligand35", "6HGV_ligand37", "6HGV_ligand38", "6HGV_ligand39", "6HGV_ligand42", "6HGV_ligand42", "6HGV_ligand46", "6HGV_ligand46", "6HGV_ligand50", "6HGV_ligand70", "6HGV_ligand75", "6HGV_ligand76", "6HGV_ligand77", "6HGV_ligand77", "6HGV_ligand78", "6HGV_ligand79", "6HGV_ligand80", "6HGV_ligand80", "6HGV_ligand88", "6HGV_ligand89", "6HGV_ligand90", "6HGV_ligand98", "6HGV_ligand98", "6HGV_ligand99", "6HGV_ligand99", "6HGV_ligand100", "6HGV_ligand100", "6HGV_ligand116", "6HGV_ligand117", "6HGV_ligand118", "6HGV_ligand119", "6HGV_ligand120", "6HGV_ligand123", "6HGV_ligand131", "6HGV_ligand132", "6HGV_ligand136", "6HGV_ligand140"]}, "Hydrophobic_Interaction:ASN472A": {"frequency": 115, "structures": ["6HGV_ligand2", "6HGV_ligand7", "6HGV_ligand11", "6HGV_ligand12", "6HGV_ligand13", "6HGV_ligand14", "6HGV_ligand19", "6HGV_ligand20", "6HGV_ligand22", "6HGV_ligand23", "6HGV_ligand25", "6HGV_ligand26", "6HGV_ligand27", "6HGV_ligand28", "6HGV_ligand29", "6HGV_ligand30", "6HGV_ligand33", "6HGV_ligand34", "6HGV_ligand35", "6HGV_ligand36", "6HGV_ligand37", "6HGV_ligand38", "6HGV_ligand39", "6HGV_ligand40", "6HGV_ligand42", "6HGV_ligand46", "6HGV_ligand47", "6HGV_ligand51", "6HGV_ligand52", "6HGV_ligand53", "6HGV_ligand54", "6HGV_ligand55", "6HGV_ligand56", "6HGV_ligand57", "6HGV_ligand58", "6HGV_ligand59", "6HGV_ligand60", "6HGV_ligand61", "6HGV_ligand62", "6HGV_ligand63", "6HGV_ligand64", "6HGV_ligand65", "6HGV_ligand66", "6HGV_ligand67", "6HGV_ligand68", "6HGV_ligand69", "6HGV_ligand70", "6HGV_ligand71", "6HGV_ligand72", "6HGV_ligand73", "6HGV_ligand74", "6HGV_ligand75", "6HGV_ligand76", "6HGV_ligand77", "6HGV_ligand78", "6HGV_ligand79", "6HGV_ligand80", "6HGV_ligand81", "6HGV_ligand82", "6HGV_ligand83", "6HGV_ligand84", "6HGV_ligand85", "6HGV_ligand86", "6HGV_ligand87", "6HGV_ligand89", "6HGV_ligand90", "6HGV_ligand91", "6HGV_ligand92", "6HGV_ligand93", "6HGV_ligand94", "6HGV_ligand95", "6HGV_ligand96", "6HGV_ligand97", "6HGV_ligand98", "6HGV_ligand99", "6HGV_ligand100", "6HGV_ligand101", "6HGV_ligand102", "6HGV_ligand103", "6HGV_ligand104", "6HGV_ligand105", "6HGV_ligand106", "6HGV_ligand107", "6HGV_ligand108", "6HGV_ligand109", "6HGV_ligand110", "6HGV_ligand111", "6HGV_ligand112", "6HGV_ligand113", "6HGV_ligand114", "6HGV_ligand115", "6HGV_ligand116", "6HGV_ligand117", "6HGV_ligand118", "6HGV_ligand119", "6HGV_ligand120", "6HGV_ligand121", "6HGV_ligand122", "6HGV_ligand123", "6HGV_ligand124", "6HGV_ligand125", "6HGV_ligand126", "6HGV_ligand127", "6HGV_ligand128", "6HGV_ligand129", "6HGV_ligand130", "6HGV_ligand131", "6HGV_ligand132", "6HGV_ligand133", "6HGV_ligand134", "6HGV_ligand135", "6HGV_ligand136", "6HGV_ligand137", "6HGV_ligand139", "6HGV_ligand140"]}, "Hydrophobic_Interaction:TRP525A": {"frequency": 67, "structures": ["6HGV_ligand4", "6HGV_ligand5", "6HGV_ligand6", "6HGV_ligand6", "6HGV_ligand7", "6HGV_ligand10", "6HGV_ligand16", "6HGV_ligand21", "6HGV_ligand23", "6HGV_ligand24", "6HGV_ligand29", "6HGV_ligand31", "6HGV_ligand38", "6HGV_ligand41", "6HGV_ligand43", "6HGV_ligand44", "6HGV_ligand45", "6HGV_ligand47", "6HGV_ligand51", "6HGV_ligand58", "6HGV_ligand60", "6HGV_ligand65", "6HGV_ligand69", "6HGV_ligand70", "6HGV_ligand71", "6HGV_ligand75", "6HGV_ligand83", "6HGV_ligand84", "6HGV_ligand84", "6HGV_ligand85", "6HGV_ligand85", "6HGV_ligand86", "6HGV_ligand91", "6HGV_ligand92", "6HGV_ligand93", "6HGV_ligand94", "6HGV_ligand96", "6HGV_ligand97", "6HGV_ligand106", "6HGV_ligand107", "6HGV_ligand108", "6HGV_ligand109", "6HGV_ligand111", "6HGV_ligand112", "6HGV_ligand113", "6HGV_ligand114", "6HGV_ligand116", "6HGV_ligand118", "6HGV_ligand123", "6HGV_ligand123", "6HGV_ligand126", "6HGV_ligand127", "6HGV_ligand127", "6HGV_ligand128", "6HGV_ligand128", "6HGV_ligand129", "6HGV_ligand129", "6HGV_ligand130", "6HGV_ligand130", "6HGV_ligand131", "6HGV_ligand132", "6HGV_ligand133", "6HGV_ligand133", "6HGV_ligand134", "6HGV_ligand135", "6HGV_ligand135", "6HGV_ligand138"]}, "Hydrophobic_Interaction:ILE375A": {"frequency": 36, "structures": ["6HGV_ligand6", "6HGV_ligand6", "6HGV_ligand10", "6HGV_ligand10", "6HGV_ligand19", "6HGV_ligand19", "6HGV_ligand35", "6HGV_ligand36", "6HGV_ligand37", "6HGV_ligand40", "6HGV_ligand61", "6HGV_ligand62", "6HGV_ligand63", "6HGV_ligand64", "6HGV_ligand65", "6HGV_ligand66", "6HGV_ligand67", "6HGV_ligand68", "6HGV_ligand81", "6HGV_ligand82", "6HGV_ligand83", "6HGV_ligand84", "6HGV_ligand101", "6HGV_ligand101", "6HGV_ligand102", "6HGV_ligand104", "6HGV_ligand105", "6HGV_ligand105", "6HGV_ligand110", "6HGV_ligand121", "6HGV_ligand123", "6HGV_ligand124", "6HGV_ligand125", "6HGV_ligand126", "6HGV_ligand128", "6HGV_ligand138"]}, "Hydrogen_Bond:HIS524A": {"frequency": 28, "structures": ["6HGV_ligand8", "6HGV_ligand20", "6HGV_ligand22", "6HGV_ligand36", "6HGV_ligand37", "6HGV_ligand38", "6HGV_ligand39", "6HGV_ligand51", "6HGV_ligand65", "6HGV_ligand66", "6HGV_ligand68", "6HGV_ligand70", "6HGV_ligand71", "6HGV_ligand75", "6HGV_ligand83", "6HGV_ligand88", "6HGV_ligand90", "6HGV_ligand91", "6HGV_ligand96", "6HGV_ligand106", "6HGV_ligand107", "6HGV_ligand125", "6HGV_ligand126", "6HGV_ligand127", "6HGV_ligand128", "6HGV_ligand129", "6HGV_ligand130", "6HGV_ligand134"]}, "Hydrophobic_Interaction:TRP336A": {"frequency": 135, "structures": ["6HGV_ligand8", "6HGV_ligand13", "6HGV_ligand16", "6HGV_ligand19", "6HGV_ligand21", "6HGV_ligand22", "6HGV_ligand22", "6HGV_ligand23", "6HGV_ligand23", "6HGV_ligand24", "6HGV_ligand27", "6HGV_ligand28", "6HGV_ligand29", "6HGV_ligand35", "6HGV_ligand36", "6HGV_ligand37", "6HGV_ligand37", "6HGV_ligand39", "6HGV_ligand39", "6HGV_ligand39", "6HGV_ligand40", "6HGV_ligand40", "6HGV_ligand41", "6HGV_ligand41", "6HGV_ligand43", "6HGV_ligand43", "6HGV_ligand44", "6HGV_ligand45", "6HGV_ligand47", "6HGV_ligand47", "6HGV_ligand48", "6HGV_ligand49", "6HGV_ligand50", "6HGV_ligand51", "6HGV_ligand52", "6HGV_ligand52", "6HGV_ligand53", "6HGV_ligand53", "6HGV_ligand54", "6HGV_ligand54", "6HGV_ligand55", "6HGV_ligand55", "6HGV_ligand56", "6HGV_ligand57", "6HGV_ligand57", "6HGV_ligand58", "6HGV_ligand58", "6HGV_ligand59", "6HGV_ligand60", "6HGV_ligand60", "6HGV_ligand61", "6HGV_ligand62", "6HGV_ligand64", "6HGV_ligand65", "6HGV_ligand66", "6HGV_ligand67", "6HGV_ligand68", "6HGV_ligand69", "6HGV_ligand69", "6HGV_ligand71", "6HGV_ligand73", "6HGV_ligand74", "6HGV_ligand77", "6HGV_ligand81", "6HGV_ligand81", "6HGV_ligand82", "6HGV_ligand82", "6HGV_ligand84", "6HGV_ligand84", "6HGV_ligand85", "6HGV_ligand85", "6HGV_ligand85", "6HGV_ligand86", "6HGV_ligand86", "6HGV_ligand90", "6HGV_ligand91", "6HGV_ligand94", "6HGV_ligand97", "6HGV_ligand101", "6HGV_ligand101", "6HGV_ligand102", "6HGV_ligand103", "6HGV_ligand103", "6HGV_ligand104", "6HGV_ligand104", "6HGV_ligand105", "6HGV_ligand105", "6HGV_ligand106", "6HGV_ligand107", "6HGV_ligand107", "6HGV_ligand108", "6HGV_ligand108", "6HGV_ligand109", "6HGV_ligand109", "6HGV_ligand110", "6HGV_ligand111", "6HGV_ligand112", "6HGV_ligand113", "6HGV_ligand113", "6HGV_ligand114", "6HGV_ligand114", "6HGV_ligand115", "6HGV_ligand115", "6HGV_ligand120", "6HGV_ligand121", "6HGV_ligand121", "6HGV_ligand122", "6HGV_ligand122", "6HGV_ligand124", "6HGV_ligand124", "6HGV_ligand125", "6HGV_ligand126", "6HGV_ligand127", "6HGV_ligand128", "6HGV_ligand129", "6HGV_ligand129", "6HGV_ligand129", "6HGV_ligand130", "6HGV_ligand130", "6HGV_ligand130", "6HGV_ligand131", "6HGV_ligand133", "6HGV_ligand133", "6HGV_ligand134", "6HGV_ligand134", "6HGV_ligand135", "6HGV_ligand135", "6HGV_ligand136", "6HGV_ligand137", "6HGV_ligand137", "6HGV_ligand138", "6HGV_ligand139", "6HGV_ligand139", "6HGV_ligand140", "6HGV_ligand140"]}, "Hydrophobic_Interaction:TYR383A": {"frequency": 55, "structures": ["6HGV_ligand8", "6HGV_ligand11", "6HGV_ligand12", "6HGV_ligand13", "6HGV_ligand14", "6HGV_ligand15", "6HGV_ligand16", "6HGV_ligand17", "6HGV_ligand18", "6HGV_ligand19", "6HGV_ligand20", "6HGV_ligand25", "6HGV_ligand26", "6HGV_ligand27", "6HGV_ligand28", "6HGV_ligand29", "6HGV_ligand30", "6HGV_ligand32", "6HGV_ligand34", "6HGV_ligand35", "6HGV_ligand50", "6HGV_ligand53", "6HGV_ligand54", "6HGV_ligand55", "6HGV_ligand56", "6HGV_ligand57", "6HGV_ligand58", "6HGV_ligand59", "6HGV_ligand60", "6HGV_ligand61", "6HGV_ligand62", "6HGV_ligand63", "6HGV_ligand64", "6HGV_ligand66", "6HGV_ligand67", "6HGV_ligand72", "6HGV_ligand73", "6HGV_ligand74", "6HGV_ligand76", "6HGV_ligand77", "6HGV_ligand78", "6HGV_ligand79", "6HGV_ligand80", "6HGV_ligand102", "6HGV_ligand103", "6HGV_ligand104", "6HGV_ligand105", "6HGV_ligand108", "6HGV_ligand109", "6HGV_ligand110", "6HGV_ligand116", "6HGV_ligand117", "6HGV_ligand118", "6HGV_ligand119", "6HGV_ligand120"]}, "Hydrophobic_Interaction:PHE267A": {"frequency": 16, "structures": ["6HGV_ligand8", "6HGV_ligand16", "6HGV_ligand17", "6HGV_ligand28", "6HGV_ligand29", "6HGV_ligand68", "6HGV_ligand70", "6HGV_ligand71", "6HGV_ligand75", "6HGV_ligand77", "6HGV_ligand80", "6HGV_ligand90", "6HGV_ligand107", "6HGV_ligand110", "6HGV_ligand118", "6HGV_ligand120"]}, "Water_Bridge:PHE267A": {"frequency": 13, "structures": ["6HGV_ligand8", "6HGV_ligand65", "6HGV_ligand70", "6HGV_ligand71", "6HGV_ligand90", "6HGV_ligand91", "6HGV_ligand106", "6HGV_ligand107", "6HGV_ligand127", "6HGV_ligand128", "6HGV_ligand129", "6HGV_ligand130", "6HGV_ligand134"]}, "Hydrogen_Bond:ASN472A": {"frequency": 2, "structures": ["6HGV_ligand9", "6HGV_ligand131"]}, "Hydrophobic_Interaction:PHE381A": {"frequency": 34, "structures": ["6HGV_ligand11", "6HGV_ligand11", "6HGV_ligand12", "6HGV_ligand12", "6HGV_ligand14", "6HGV_ligand14", "6HGV_ligand15", "6HGV_ligand16", "6HGV_ligand16", "6HGV_ligand17", "6HGV_ligand18", "6HGV_ligand18", "6HGV_ligand20", "6HGV_ligand20", "6HGV_ligand34", "6HGV_ligand36", "6HGV_ligand37", "6HGV_ligand38", "6HGV_ligand38", "6HGV_ligand39", "6HGV_ligand39", "6HGV_ligand40", "6HGV_ligand52", "6HGV_ligand70", "6HGV_ligand89", "6HGV_ligand89", "6HGV_ligand101", "6HGV_ligand106", "6HGV_ligand107", "6HGV_ligand107", "6HGV_ligand108", "6HGV_ligand108", "6HGV_ligand109", "6HGV_ligand127"]}, "Hydrophobic_Interaction:ASP335A": {"frequency": 3, "structures": ["6HGV_ligand13", "6HGV_ligand19", "6HGV_ligand38"]}, "Hydrophobic_Interaction:LEU499A": {"frequency": 53, "structures": ["6HGV_ligand14", "6HGV_ligand14", "6HGV_ligand15", "6HGV_ligand15", "6HGV_ligand16", "6HGV_ligand17", "6HGV_ligand18", "6HGV_ligand20", "6HGV_ligand20", "6HGV_ligand21", "6HGV_ligand22", "6HGV_ligand23", "6HGV_ligand25", "6HGV_ligand31", "6HGV_ligand32", "6HGV_ligand33", "6HGV_ligand34", "6HGV_ligand36", "6HGV_ligand37", "6HGV_ligand38", "6HGV_ligand39", "6HGV_ligand40", "6HGV_ligand41", "6HGV_ligand43", "6HGV_ligand44", "6HGV_ligand45", "6HGV_ligand46", "6HGV_ligand46", "6HGV_ligand47", "6HGV_ligand49", "6HGV_ligand51", "6HGV_ligand52", "6HGV_ligand70", "6HGV_ligand83", "6HGV_ligand87", "6HGV_ligand89", "6HGV_ligand90", "6HGV_ligand96", "6HGV_ligand97", "6HGV_ligand98", "6HGV_ligand100", "6HGV_ligand101", "6HGV_ligand106", "6HGV_ligand107", "6HGV_ligand108", "6HGV_ligand109", "6HGV_ligand111", "6HGV_ligand112", "6HGV_ligand113", "6HGV_ligand114", "6HGV_ligand117", "6HGV_ligand126", "6HGV_ligand127"]}, "Hydrophobic_Interaction:THR360A": {"frequency": 50, "structures": ["6HGV_ligand15", "6HGV_ligand21", "6HGV_ligand22", "6HGV_ligand23", "6HGV_ligand24", "6HGV_ligand25", "6HGV_ligand26", "6HGV_ligand41", "6HGV_ligand43", "6HGV_ligand44", "6HGV_ligand45", "6HGV_ligand47", "6HGV_ligand48", "6HGV_ligand49", "6HGV_ligand50", "6HGV_ligand51", "6HGV_ligand58", "6HGV_ligand60", "6HGV_ligand103", "6HGV_ligand104", "6HGV_ligand105", "6HGV_ligand107", "6HGV_ligand108", "6HGV_ligand109", "6HGV_ligand110", "6HGV_ligand111", "6HGV_ligand112", "6HGV_ligand113", "6HGV_ligand114", "6HGV_ligand115", "6HGV_ligand117", "6HGV_ligand119", "6HGV_ligand121", "6HGV_ligand122", "6HGV_ligand123", "6HGV_ligand125", "6HGV_ligand126", "6HGV_ligand127", "6HGV_ligand128", "6HGV_ligand129", "6HGV_ligand131", "6HGV_ligand132", "6HGV_ligand133", "6HGV_ligand134", "6HGV_ligand135", "6HGV_ligand136", "6HGV_ligand137", "6HGV_ligand138", "6HGV_ligand139", "6HGV_ligand140"]}, "Pi-Stacking:HIS524A": {"frequency": 79, "structures": ["6HGV_ligand17", "6HGV_ligand21", "6HGV_ligand21", "6HGV_ligand22", "6HGV_ligand23", "6HGV_ligand23", "6HGV_ligand24", "6HGV_ligand24", "6HGV_ligand28", "6HGV_ligand29", "6HGV_ligand31", "6HGV_ligand36", "6HGV_ligand37", "6HGV_ligand38", "6HGV_ligand39", "6HGV_ligand41", "6HGV_ligand41", "6HGV_ligand42", "6HGV_ligand43", "6HGV_ligand43", "6HGV_ligand44", "6HGV_ligand44", "6HGV_ligand45", "6HGV_ligand45", "6HGV_ligand47", "6HGV_ligand47", "6HGV_ligand51", "6HGV_ligand52", "6HGV_ligand65", "6HGV_ligand68", "6HGV_ligand70", "6HGV_ligand71", "6HGV_ligand75", "6HGV_ligand77", "6HGV_ligand80", "6HGV_ligand81", "6HGV_ligand82", "6HGV_ligand83", "6HGV_ligand84", "6HGV_ligand85", "6HGV_ligand86", "6HGV_ligand88", "6HGV_ligand89", "6HGV_ligand91", "6HGV_ligand92", "6HGV_ligand93", "6HGV_ligand94", "6HGV_ligand96", "6HGV_ligand97", "6HGV_ligand97", "6HGV_ligand107", "6HGV_ligand111", "6HGV_ligand111", "6HGV_ligand112", "6HGV_ligand112", "6HGV_ligand113", "6HGV_ligand113", "6HGV_ligand114", "6HGV_ligand114", "6HGV_ligand115", "6HGV_ligand115", "6HGV_ligand120", "6HGV_ligand121", "6HGV_ligand122", "6HGV_ligand123", "6HGV_ligand125", "6HGV_ligand126", "6HGV_ligand127", "6HGV_ligand128", "6HGV_ligand129", "6HGV_ligand130", "6HGV_ligand131", "6HGV_ligand132", "6HGV_ligand133", "6HGV_ligand134", "6HGV_ligand135", "6HGV_ligand136", "6HGV_ligand137", "6HGV_ligand138"]}, "Hydrophobic_Interaction:HIS524A": {"frequency": 38, "structures": ["6HGV_ligand21", "6HGV_ligand22", "6HGV_ligand23", "6HGV_ligand24", "6HGV_ligand33", "6HGV_ligand41", "6HGV_ligand43", "6HGV_ligand44", "6HGV_ligand45", "6HGV_ligand46", "6HGV_ligand47", "6HGV_ligand48", "6HGV_ligand49", "6HGV_ligand51", "6HGV_ligand52", "6HGV_ligand81", "6HGV_ligand82", "6HGV_ligand87", "6HGV_ligand89", "6HGV_ligand95", "6HGV_ligand96", "6HGV_ligand97", "6HGV_ligand98", "6HGV_ligand99", "6HGV_ligand100", "6HGV_ligand101", "6HGV_ligand111", "6HGV_ligand112", "6HGV_ligand113", "6HGV_ligand114", "6HGV_ligand115", "6HGV_ligand121", "6HGV_ligand122", "6HGV_ligand124", "6HGV_ligand136", "6HGV_ligand137", "6HGV_ligand139", "6HGV_ligand140"]}, "Hydrophobic_Interaction:ALA476A": {"frequency": 19, "structures": ["6HGV_ligand28", "6HGV_ligand31", "6HGV_ligand32", "6HGV_ligand33", "6HGV_ligand34", "6HGV_ligand35", "6HGV_ligand37", "6HGV_ligand42", "6HGV_ligand50", "6HGV_ligand68", "6HGV_ligand77", "6HGV_ligand80", "6HGV_ligand87", "6HGV_ligand99", "6HGV_ligand100", "6HGV_ligand116", "6HGV_ligand120", "6HGV_ligand131", "6HGV_ligand132"]}, "Hydrophobic_Interaction:ALA365A": {"frequency": 6, "structures": ["6HGV_ligand31", "6HGV_ligand32", "6HGV_ligand33", "6HGV_ligand34", "6HGV_ligand35", "6HGV_ligand50"]}, "Pi-Cation_Interaction:HIS524A": {"frequency": 11, "structures": ["6HGV_ligand33", "6HGV_ligand46", "6HGV_ligand48", "6HGV_ligand49", "6HGV_ligand87", "6HGV_ligand95", "6HGV_ligand98", "6HGV_ligand99", "6HGV_ligand100", "6HGV_ligand124", "6HGV_ligand139"]}, "Halogen_Bond:ASP496A": {"frequency": 14, "structures": ["6HGV_ligand34", "6HGV_ligand35", "6HGV_ligand38", "6HGV_ligand42", "6HGV_ligand85", "6HGV_ligand88", "6HGV_ligand92", "6HGV_ligand93", "6HGV_ligand94", "6HGV_ligand125", "6HGV_ligand130", "6HGV_ligand131", "6HGV_ligand132", "6HGV_ligand138"]}, "Hydrophobic_Interaction:TYR343A": {"frequency": 52, "structures": ["6HGV_ligand36", "6HGV_ligand37", "6HGV_ligand39", "6HGV_ligand40", "6HGV_ligand42", "6HGV_ligand61", "6HGV_ligand62", "6HGV_ligand63", "6HGV_ligand64", "6HGV_ligand65", "6HGV_ligand66", "6HGV_ligand67", "6HGV_ligand68", "6HGV_ligand73", "6HGV_ligand76", "6HGV_ligand78", "6HGV_ligand79", "6HGV_ligand80", "6HGV_ligand81", "6HGV_ligand82", "6HGV_ligand83", "6HGV_ligand84", "6HGV_ligand85", "6HGV_ligand86", "6HGV_ligand87", "6HGV_ligand91", "6HGV_ligand92", "6HGV_ligand93", "6HGV_ligand94", "6HGV_ligand95", "6HGV_ligand96", "6HGV_ligand100", "6HGV_ligand101", "6HGV_ligand102", "6HGV_ligand103", "6HGV_ligand104", "6HGV_ligand105", "6HGV_ligand110", "6HGV_ligand116", "6HGV_ligand121", "6HGV_ligand122", "6HGV_ligand124", "6HGV_ligand125", "6HGV_ligand126", "6HGV_ligand128", "6HGV_ligand131", "6HGV_ligand132", "6HGV_ligand133", "6HGV_ligand135", "6HGV_ligand136", "6HGV_ligand137", "6HGV_ligand139"]}, "Halogen_Bond:TYR343A": {"frequency": 3, "structures": ["6HGV_ligand41", "6HGV_ligand43", "6HGV_ligand44"]}, "Hydrogen_Bond:LEU499A": {"frequency": 1, "structures": ["6HGV_ligand48"]}, "Hydrogen_Bond:TYR383A": {"frequency": 2, "structures": ["6HGV_ligand52", "6HGV_ligand101"]}, "Hydrogen_Bond:PHE267A": {"frequency": 7, "structures": ["6HGV_ligand65", "6HGV_ligand91", "6HGV_ligand127", "6HGV_ligand128", "6HGV_ligand129", "6HGV_ligand130", "6HGV_ligand134"]}, "Hydrogen_Bond:TRP336A": {"frequency": 2, "structures": ["6HGV_ligand68", "6HGV_ligand90"]}, "Hydrophobic_Interaction:LEU408A": {"frequency": 2, "structures": ["6HGV_ligand106", "6HGV_ligand107"]}, "Pi-Stacking:PHE381A": {"frequency": 1, "structures": ["6HGV_ligand123"]}, "Pi-Stacking:TRP525A": {"frequency": 1, "structures": ["6HGV_ligand125"]}, "Hydrophobic_Interaction:ILE363A": {"frequency": 2, "structures": ["6HGV_ligand129", "6HGV_ligand130"]}}