{"Hydrogen_Bond:TYR466A": 156, "Hydrogen_Bond:GLN384A": 59, "Hydrogen_Bond:ASP335A": 195, "Pi-Stacking:TRP336A": 206, "Hydrophobic_Interaction:MET339A": 65, "Hydrophobic_Interaction:PRO371A": 21, "Hydrophobic_Interaction:TYR466A": 130, "Hydrophobic_Interaction:MET469A": 8, "Hydrophobic_Interaction:TRP473A": 42, "Hydrophobic_Interaction:VAL498A": 54, "Water_Bridge:ASN472A": 77, "Water_Bridge:TYR343A": 65, "Hydrophobic_Interaction:ASN472A": 115, "Hydrophobic_Interaction:TRP525A": 67, "Hydrophobic_Interaction:ILE375A": 36, "Hydrogen_Bond:HIS524A": 28, "Hydrophobic_Interaction:TRP336A": 135, "Hydrophobic_Interaction:TYR383A": 55, "Hydrophobic_Interaction:PHE267A": 16, "Water_Bridge:PHE267A": 13, "Hydrogen_Bond:ASN472A": 2, "Hydrophobic_Interaction:PHE381A": 34, "Hydrophobic_Interaction:ASP335A": 3, "Hydrophobic_Interaction:LEU499A": 53, "Hydrophobic_Interaction:THR360A": 50, "Pi-Stacking:HIS524A": 79, "Hydrophobic_Interaction:HIS524A": 38, "Hydrophobic_Interaction:ALA476A": 19, "Hydrophobic_Interaction:ALA365A": 6, "Pi-Cation_Interaction:HIS524A": 11, "Halogen_Bond:ASP496A": 14, "Hydrophobic_Interaction:TYR343A": 52, "Halogen_Bond:TYR343A": 3, "Hydrogen_Bond:LEU499A": 1, "Hydrogen_Bond:TYR383A": 2, "Hydrogen_Bond:PHE267A": 7, "Hydrogen_Bond:TRP336A": 2, "Hydrophobic_Interaction:LEU408A": 2, "Pi-Stacking:PHE381A": 1, "Pi-Stacking:TRP525A": 1, "Hydrophobic_Interaction:ILE363A": 2}