INDEX,INTERACTION,DIFFERENCE,ACTIVE_FREQUENCY,INACTIVE_FREQUENCY
1,Hydrophobic_Interaction:TRP525A,0.3035159052858163,0.6486486486486485,0.3451327433628322
2,Hydrogen_Bond:TYR466A,0.29681894283663923,1.2702702702702688,0.9734513274336296
3,Hydrophobic_Interaction:LEU499A,0.25926811767519675,0.6486486486486485,0.3893805309734517
4,Hydrophobic_Interaction:TYR466A,0.24252571155225944,0.7027027027027024,0.46017699115044297
5,Hydrophobic_Interaction:TYR383A,0.2033006457785217,0.4864864864864865,0.2831858407079648
6,Hydrophobic_Interaction:HIS524A,0.20234393685721108,0.43243243243243246,0.23008849557522137
7,Water_Bridge:ASN472A,0.18129634058837601,0.24324324324324326,0.061946902654867256
8,Hydrophobic_Interaction:TRP473A,0.15929203539823011,0.0,0.15929203539823011
9,Pi-Stacking:HIS524A,0.15618273140397032,0.32432432432432434,0.16814159292035402
10,Hydrogen_Bond:TYR383A,0.1490074144941403,0.08108108108108109,0.23008849557522137
11,Hydrophobic_Interaction:TRP336A,0.14805070557282796,0.8648648648648642,0.7168141592920363
12,Hydrophobic_Interaction:PHE381A,0.1356134895957905,0.16216216216216217,0.02654867256637168
13,Hydrogen_Bond:TYR343A,0.12628557761301124,0.13513513513513514,0.008849557522123894
14,Pi-Stacking:TRP336A,0.12556804592202764,0.5945945945945945,0.4690265486725669
15,Water_Bridge:PHE267A,0.10428127242286545,0.10810810810810811,0.21238938053097356
16,Hydrogen_Bond:HIS524A,0.10308538627122688,0.32432432432432434,0.22123893805309747
17,Hydrophobic_Interaction:PRO371A,0.09447500597943093,0.16216216216216217,0.2566371681415931
18,Hydrophobic_Interaction:PHE267A,0.09327911982779236,0.2702702702702703,0.17699115044247793
19,Hydrophobic_Interaction:LEU408A,0.08251614446304713,0.16216216216216217,0.07964601769911504
20,Hydrophobic_Interaction:THR360A,0.07701506816551046,0.35135135135135137,0.2743362831858409
21,Hydrophobic_Interaction:MET339A,0.06122937096388387,0.4594594594594595,0.3982300884955756
22,Salt_Bridge:HIS524A,0.06099019373355656,0.05405405405405406,0.11504424778761062
23,Hydrogen_Bond:ASP496A,0.06099019373355656,0.05405405405405406,0.11504424778761062
24,Hydrogen_Bond:TRP336A,0.0554891174360201,0.13513513513513514,0.07964601769911504
25,Hydrophobic_Interaction:TYR343A,0.05405405405405406,0.05405405405405406,0.0
26,Hydrogen_Bond:GLN384A,0.052858167902416264,0.5135135135135136,0.5663716814159299
27,Hydrophobic_Interaction:MET469A,0.05214063621143267,0.05405405405405406,0.10619469026548672
28,Hydrophobic_Interaction:ASN472A,0.04807462329586221,0.21621621621621623,0.16814159292035402
29,Hydrogen_Bond:PHE497A,0.04424778761061947,0.0,0.04424778761061947
30,Hydrophobic_Interaction:PHE497A,0.03635493900980627,0.05405405405405406,0.017699115044247787
31,Hydrophobic_Interaction:PHE387A,0.035398230088495575,0.0,0.035398230088495575
32,Hydrogen_Bond:PHE267A,0.03491987562784023,0.02702702702702703,0.061946902654867256
33,Halogen_Bond:SER370A,0.02702702702702703,0.02702702702702703,0.0
34,Halogen_Bond:THR360A,0.02702702702702703,0.02702702702702703,0.0
35,Hydrophobic_Interaction:PRO361A,0.02702702702702703,0.02702702702702703,0.0
36,Halogen_Bond:ASN366A,0.02702702702702703,0.02702702702702703,0.0
37,Pi-Stacking:TYR466A,0.02702702702702703,0.02702702702702703,0.0
38,Hydrophobic_Interaction:ARG410A,0.02702702702702703,0.02702702702702703,0.0
39,Halogen_Bond:LEU417A,0.02702702702702703,0.02702702702702703,0.0
40,Halogen_Bond:MET369A,0.02702702702702703,0.02702702702702703,0.0
41,Hydrophobic_Interaction:PHE362A,0.02702702702702703,0.02702702702702703,0.0
42,Halogen_Bond:ASN378A,0.02702702702702703,0.02702702702702703,0.0
43,Water_Bridge:HIS524A,0.02654867256637168,0.0,0.02654867256637168
44,Pi-Stacking:TRP525A,0.02654867256637168,0.0,0.02654867256637168
45,Hydrogen_Bond:SER374A,0.02654867256637168,0.0,0.02654867256637168
46,Water_Bridge:LEU408A,0.02654867256637168,0.0,0.02654867256637168
47,Hydrophobic_Interaction:ILE375A,0.018655823965558482,0.05405405405405406,0.035398230088495575
48,Halogen_Bond:PHE267A,0.018177469504903135,0.02702702702702703,0.008849557522123894
49,Halogen_Bond:ASP496A,0.017699115044247787,0.0,0.017699115044247787
50,Halogen_Bond:MET469A,0.017699115044247787,0.0,0.017699115044247787
51,Halogen_Bond:GLN384A,0.017699115044247787,0.0,0.017699115044247787
52,Hydrophobic_Interaction:ALA476A,0.017699115044247787,0.0,0.017699115044247787
53,Hydrophobic_Interaction:ALA365A,0.017699115044247787,0.0,0.017699115044247787
54,Hydrogen_Bond:LEU408A,0.017699115044247787,0.0,0.017699115044247787
55,Pi-Cation_Interaction:TRP336A,0.017699115044247787,0.0,0.017699115044247787
56,Hydrophobic_Interaction:LEU428A,0.017699115044247787,0.0,0.017699115044247787
57,Salt_Bridge:ASP335A,0.01722076058359244,0.02702702702702703,0.04424778761061947
58,Hydrogen_Bond:TRP525A,0.01722076058359244,0.02702702702702703,0.04424778761061947
59,Hydrogen_Bond:ASP335A,0.01219803874671288,0.8108108108108103,0.8230088495575232
60,Water_Bridge:TYR343A,0.010762975364745284,0.10810810810810811,0.09734513274336283
61,Hydrophobic_Interaction:VAL498A,0.009567089213107394,0.4594594594594595,0.4690265486725669
62,Halogen_Bond:LEU408A,0.009327911982779241,0.02702702702702703,0.017699115044247787
63,Water_Bridge:TRP525A,0.009327911982779241,0.02702702702702703,0.017699115044247787
64,Halogen_Bond:TYR343A,0.008849557522123894,0.0,0.008849557522123894
65,Hydrogen_Bond:ASN366A,0.008849557522123894,0.0,0.008849557522123894
66,Hydrogen_Bond:PRO371A,0.008849557522123894,0.0,0.008849557522123894
67,Pi-Stacking:PHE267A,0.008849557522123894,0.0,0.008849557522123894
68,Halogen_Bond:SER412A,0.008849557522123894,0.0,0.008849557522123894
69,Halogen_Bond:ASP335A,0.008849557522123894,0.0,0.008849557522123894
70,Water_Bridge:ASP335A,0.008849557522123894,0.0,0.008849557522123894
71,Pi-Stacking:TYR383A,0.008849557522123894,0.0,0.008849557522123894
72,Halogen_Bond:ASN468A,0.008849557522123894,0.0,0.008849557522123894
73,Halogen_Bond:TYR383A,0.008849557522123894,0.0,0.008849557522123894
74,Hydrogen_Bond:LEU499A,0.008849557522123894,0.0,0.008849557522123894
75,Halogen_Bond:ASN472A,0.008849557522123894,0.0,0.008849557522123894
76,Hydrophobic_Interaction:LEU417A,0.008371203061468546,0.02702702702702703,0.035398230088495575
77,Hydrogen_Bond:VAL498A,0.007892848600813199,0.05405405405405406,0.061946902654867256
78,Pi-Cation_Interaction:HIS524A,0.007414494140157851,0.08108108108108109,0.08849557522123894
79,Hydrogen_Bond:ASN472A,0.0004783544606553475,0.02702702702702703,0.02654867256637168
